,Id,Output
0,18504,1
1,20811,0
2,20419,0
3,20631,1
4,1921,1
5,10062,1
6,24913,0
7,5952,1
8,19347,1
9,23288,0
10,17919,1
11,26271,0
12,4298,1
13,8108,0
14,4750,0
15,7984,0
16,12587,0
17,23827,0
18,24857,0
19,21260,1
20,18759,0
21,86,1
22,24334,1
23,25716,0
24,20999,1
25,17540,0
26,13556,1
27,15819,1
28,12188,0
29,19283,0
30,9788,0
31,1004,1
32,411,1
33,18701,0
34,6363,1
35,1794,0
36,22854,1
37,9367,0
38,14435,0
39,12438,1
40,26377,0
41,10866,1
42,1508,0
43,13478,0
44,9431,0
45,21639,0
46,8602,1
47,4886,0
48,217,0
49,23,0
50,26322,0
51,25257,1
52,14521,0
53,3023,1
54,13924,0
55,17780,0
56,21431,0
57,14391,0
58,8934,1
59,23636,0
60,11417,0
61,11157,1
62,24849,0
63,15155,0
64,1753,0
65,1655,1
66,21242,0
67,13806,0
68,5699,0
69,21647,1
70,6240,1
71,9966,1
72,22671,0
73,13460,0
74,22367,1
75,15834,0
76,8835,0
77,9183,1
78,13702,1
79,1850,1
80,9709,1
81,26278,0
82,4537,1
83,25564,0
84,8041,0
85,18392,1
86,13979,1
87,10115,1
88,16599,1
89,21111,0
90,996,0
91,26621,0
92,6542,0
93,16172,1
94,24883,0
95,11361,1
96,19795,1
97,6313,0
98,3192,0
99,6334,1
100,26046,0
101,22836,1
102,13891,1
103,12285,0
104,19748,0
105,16776,0
106,23872,0
107,22545,1
108,5333,0
109,5467,1
110,13080,0
111,20582,0
112,203,1
113,25365,1
114,11848,1
115,17510,0
116,24810,0
117,26609,0
118,19241,1
119,9735,0
120,158,1
121,15258,0
122,25651,1
123,13682,0
124,8126,0
125,14630,1
126,17132,0
127,11892,0
128,11031,0
129,14471,1
130,10061,0
131,10950,1
132,6956,0
133,11873,0
134,12149,0
135,10020,1
136,6544,1
137,7519,1
138,7063,1
139,92,1
140,908,0
141,20942,1
142,26134,0
143,6978,1
144,25263,1
145,18021,1
146,17892,0
147,21908,1
148,121,0
149,13207,1
150,17070,0
151,1598,1
152,2012,0
153,6380,1
154,20896,0
155,3215,1
156,17803,1
157,23923,1
158,17107,1
159,10875,1
160,18233,1
161,6744,0
162,22487,1
163,23238,0
164,24543,1
165,13124,1
166,823,0
167,26242,0
168,8485,1
169,19164,0
170,16841,1
171,15797,0
172,10930,0
173,8389,1
174,4667,0
175,26184,0
176,12770,1
177,23414,1
178,17501,1
179,11682,0
180,12976,1
181,4927,1
182,18506,1
183,1573,0
184,18015,0
185,21351,0
186,22089,1
187,4043,1
188,182,1
189,3400,1
190,26203,1
191,14240,1
192,1576,1
193,17433,1
194,15680,0
195,17290,0
196,6602,1
197,11755,1
198,19413,0
199,4608,0
200,14604,0
201,1776,0
202,16863,1
203,7316,0
204,2594,0
205,11003,1
206,11113,1
207,2466,0
208,20861,0
209,9679,0
210,8569,0
211,11426,1
212,6385,0
213,4248,0
214,6945,0
215,19016,1
216,23778,1
217,17572,1
218,8028,0
219,23823,0
220,9586,0
221,11662,0
222,15344,1
223,23752,0
224,22162,1
225,19970,1
226,511,0
227,21430,0
228,13555,0
229,4628,0
230,6186,1
231,8217,0
232,7296,0
233,21589,0
234,19293,0
235,11269,1
236,3723,0
237,14230,1
238,10393,1
239,6613,1
240,12531,1
241,20185,0
242,16231,0
243,11641,0
244,4852,1
245,15134,0
246,6292,0
247,1156,0
248,26285,1
249,7285,0
250,21456,0
251,7219,1
252,24418,1
253,17293,0
254,10687,0
255,26023,1
256,14228,1
257,24956,0
258,7670,1
259,8937,0
260,17580,1
261,23100,0
262,17113,1
263,10149,0
264,5591,1
265,14257,0
266,15604,0
267,23232,1
268,9782,1
269,9002,0
270,20795,0
271,10742,0
272,19108,0
273,5644,1
274,9648,1
275,15587,0
276,5491,1
277,18116,1
278,12989,1
279,18031,1
280,5211,1
281,18862,1
282,26272,0
283,16354,0
284,20545,0
285,10656,0
286,12412,0
287,20745,1
288,26306,0
289,23877,0
290,6940,1
291,23137,0
292,22738,1
293,17404,0
294,6383,0
295,10167,0
296,24352,1
297,15386,0
298,25,0
299,1543,0
300,1120,0
301,24754,0
302,21628,0
303,21844,0
304,16960,0
305,5643,0
306,17743,0
307,18890,1
308,7651,1
309,3445,0
310,1759,0
311,373,1
312,7711,0
313,18729,1
314,19344,1
315,24895,0
316,15928,1
317,16759,1
318,18852,0
319,14946,1
320,25749,0
321,23958,0
322,12524,0
323,12120,1
324,4506,1
325,4513,0
326,14546,1
327,5531,1
328,11250,1
329,14850,0
330,14254,1
331,15544,0
332,26137,1
333,26145,0
334,18795,0
335,26645,0
336,13559,1
337,19603,1
338,19044,1
339,14766,0
340,9299,0
341,23493,0
342,4251,0
343,4969,0
344,5239,1
345,10373,0
346,24314,0
347,22352,0
348,11373,1
349,26179,0
350,11889,0
351,6844,0
352,4423,1
353,13617,0
354,7771,0
355,24462,1
356,3613,0
357,6118,1
358,6633,0
359,25725,0
360,4904,1
361,24737,1
362,24275,1
363,18671,1
364,9370,0
365,15719,0
366,8177,1
367,25306,1
368,12772,1
369,389,1
370,1671,0
371,10986,0
372,355,1
373,20759,0
374,17387,1
375,7132,1
376,13620,0
377,10353,1
378,25447,0
379,4878,1
380,11529,0
381,18597,1
382,12444,0
383,20385,1
384,6864,1
385,5466,0
386,26684,1
387,16465,1
388,2468,1
389,3224,0
390,5588,1
391,8303,0
392,26646,1
393,5752,0
394,26207,1
395,8450,0
396,11430,0
397,8088,1
398,18241,0
399,14314,1
400,13653,1
401,24449,1
402,5143,0
403,23538,0
404,12580,1
405,5062,1
406,24272,1
407,1611,0
408,15534,0
409,13708,1
410,194,0
411,13464,0
412,15388,1
413,10893,1
414,17685,0
415,14393,1
416,22505,1
417,23668,0
418,17299,0
419,5906,0
420,25951,1
421,22429,1
422,4621,1
423,7093,1
424,11354,0
425,14271,0
426,11442,1
427,23721,0
428,13148,0
429,23766,1
430,19793,1
431,9784,0
432,20865,0
433,11992,1
434,5213,0
435,25300,1
436,4259,1
437,15799,1
438,25659,0
439,3154,1
440,21201,1
441,1970,0
442,10941,0
443,18613,0
444,26265,0
445,11370,1
446,3860,0
447,1540,0
448,19099,1
449,11881,1
450,19473,1
451,14242,0
452,6390,1
453,24470,1
454,1558,1
455,4893,0
456,19875,1
457,1472,0
458,23319,0
459,14919,0
460,24616,0
461,913,1
462,2134,0
463,19269,0
464,15074,1
465,14475,1
466,11256,0
467,26401,1
468,20434,0
469,22725,0
470,6200,0
471,7272,0
472,14040,0
473,22796,0
474,6974,1
475,21515,0
476,10581,1
477,4383,0
478,21592,1
479,19893,1
480,15996,0
481,12291,1
482,12379,1
483,3345,0
484,13692,1
485,20041,1
486,17583,0
487,3822,0
488,5533,0
489,15850,0
490,2014,0
491,15864,1
492,8357,1
493,9154,1
494,23340,0
495,6570,1
496,20688,0
497,9704,0
498,14560,1
499,12576,0
500,22208,0
501,20874,1
502,9410,0
503,7933,1
504,3233,1
505,21097,0
506,111,1
507,16074,1
508,21606,0
509,7689,0
510,8068,1
511,4252,0
512,1348,1
513,8123,0
514,11133,0
515,11536,1
516,11470,0
517,16435,0
518,15532,0
519,15208,1
520,3270,1
521,6879,0
522,3026,1
523,26498,1
524,4697,1
525,5071,1
526,20043,1
527,4072,1
528,6165,0
529,18768,0
530,21739,1
531,20278,0
532,11761,1
533,5541,1
534,21834,1
535,3328,0
536,13835,0
537,18577,1
538,18871,0
539,11203,0
540,4929,0
541,9357,0
542,12320,1
543,14149,0
544,21225,1
545,16373,1
546,11935,0
547,6057,1
548,26675,0
549,20767,0
550,14564,1
551,420,1
552,1755,1
553,3096,1
554,18575,1
555,870,1
556,3260,0
557,15732,0
558,3728,1
559,8852,1
560,23434,0
561,23540,1
562,26209,1
563,24882,1
564,6470,0
565,15392,1
566,11121,1
567,20225,1
568,13105,1
569,14385,0
570,4232,1
571,1343,0
572,13745,0
573,10871,0
574,16342,0
575,2235,0
576,6816,1
577,12581,0
578,1330,1
579,2757,0
580,3544,1
581,3606,0
582,8582,1
583,22945,1
584,1997,0
585,12690,0
586,26659,0
587,21626,0
588,13085,0
589,21554,1
590,12128,1
591,3055,1
592,4504,1
593,26164,1
594,25321,0
595,8678,1
596,4900,0
597,13038,1
598,14817,0
599,3620,1
600,15730,0
601,19135,0
602,14895,0
603,10512,1
604,13658,0
605,5744,0
606,1513,1
607,9673,1
608,17957,0
609,3456,1
610,14152,1
611,5791,0
612,15147,0
613,24753,1
614,19511,1
615,3420,1
616,21620,1
617,13660,0
618,17517,0
619,2707,0
620,13539,1
621,12121,1
622,4689,1
623,10616,0
624,19461,0
625,3071,0
626,24243,1
627,23943,0
628,5498,1
629,26541,1
630,20071,1
631,6846,1
632,528,0
633,12933,1
634,12764,0
635,17661,0
636,4669,0
637,1013,0
638,21935,0
639,15847,1
640,1131,1
641,22645,1
642,19635,0
643,310,0
644,11818,0
645,9132,0
646,15122,1
647,8748,0
648,22769,1
649,13721,1
650,12312,1
651,15640,1
652,1885,1
653,25205,0
654,12297,0
655,17280,1
656,16781,1
657,6330,0
658,3489,0
659,22594,1
660,13833,0
661,1859,1
662,382,1
663,19486,1
664,16573,0
665,23181,0
666,26070,1
667,13830,0
668,3170,0
669,2802,0
670,4522,1
671,918,0
672,20568,1
673,9443,0
674,19131,1
675,955,1
676,705,1
677,12704,1
678,15624,1
679,22494,0
680,22589,0
681,2163,1
682,6768,0
683,18068,1
684,25627,1
685,15582,1
686,10647,0
687,25618,0
688,5842,0
689,15941,0
690,6612,0
691,6465,1
692,3245,1
693,6474,0
694,5973,1
695,24432,0
696,18170,0
697,5881,1
698,12246,0
699,19213,0
700,15058,0
701,11192,0
702,2778,1
703,12043,0
704,18224,0
705,7208,1
706,26223,1
707,1661,1
708,16696,1
709,3156,1
710,18676,1
711,13728,1
712,26351,1
713,19894,0
714,17825,0
715,11722,0
716,13316,0
717,21747,1
718,10598,0
719,1141,1
720,15709,1
721,9478,0
722,8255,0
723,4299,1
724,10947,0
725,11855,0
726,3833,1
727,21055,0
728,5634,0
729,14593,0
730,18873,0
731,5561,1
732,8535,0
733,10163,0
734,2884,0
735,17944,1
736,9239,0
737,23289,0
738,14404,0
739,11531,1
740,23541,1
741,19533,1
742,17271,1
743,24555,1
744,547,1
745,8946,0
746,1195,1
747,14618,0
748,11906,0
749,9125,0
750,26239,0
751,18915,0
752,13684,0
753,9598,1
754,4077,0
755,19468,1
756,25342,1
757,18837,0
758,14011,0
759,23196,0
760,10878,1
761,6130,1
762,8920,1
763,652,1
764,9996,1
765,14828,0
766,25981,1
767,6026,0
768,2178,1
769,9665,1
770,21019,1
771,10737,1
772,22510,0
773,4494,0
774,5133,0
775,25862,0
776,21479,0
777,21897,0
778,10349,0
779,14268,0
780,19914,1
781,17630,1
782,1438,1
783,2278,0
784,1114,0
785,5802,0
786,10643,1
787,16239,0
788,4509,0
789,13287,1
790,13585,0
791,8326,1
792,24727,1
793,14217,1
794,11739,0
795,23041,0
796,5803,0
797,1586,1
798,3363,0
799,21974,1
800,16572,0
801,13061,1
802,22090,0
803,18512,1
804,8059,1
805,17371,1
806,11400,0
807,25622,0
808,9984,0
809,7609,0
810,3009,1
811,12165,0
812,25360,1
813,579,0
814,11111,1
815,17793,1
816,24297,1
817,6151,1
818,10636,1
819,11210,0
820,7521,0
821,1078,1
822,21006,1
823,4155,0
824,14798,0
825,11696,0
826,4373,0
827,20702,0
828,22124,1
829,3473,1
830,18740,0
831,11119,0
832,17463,0
833,3654,0
834,10934,1
835,14894,1
836,11630,0
837,26582,0
838,1524,1
839,6119,0
840,7018,0
841,6135,1
842,15971,0
843,5482,1
844,22726,0
845,14468,1
846,7152,0
847,6752,0
848,7823,1
849,25815,0
850,17564,0
851,15209,1
852,19989,0
853,20351,1
854,18885,0
855,4581,0
856,2260,1
857,5320,1
858,828,0
859,4871,0
860,11924,1
861,18518,0
862,3068,0
863,20458,1
864,13581,0
865,25879,1
866,5885,0
867,23963,1
868,15917,1
869,8233,0
870,22848,1
871,10979,0
872,22323,0
873,16213,0
874,18861,0
875,9768,0
876,13837,0
877,6402,1
878,8985,1
879,10823,1
880,9949,1
881,13250,0
882,20242,1
883,279,1
884,24758,0
885,8916,1
886,21657,1
887,13330,0
888,5856,1
889,888,1
890,23277,0
891,22291,1
892,12314,0
893,25379,1
894,24221,0
895,23200,1
896,17197,0
897,23703,0
898,25530,1
899,11661,1
900,25482,1
901,25753,0
902,25475,1
903,19900,1
904,13192,0
905,2060,1
906,1897,0
907,15952,0
908,11838,0
909,3128,0
910,23751,0
911,20244,1
912,13169,1
913,15694,0
914,10987,1
915,3307,0
916,22258,0
917,24056,0
918,25049,1
919,10889,0
920,9939,0
921,7715,1
922,13371,0
923,25363,0
924,18510,0
925,13600,1
926,1546,1
927,10110,0
928,3800,1
929,20388,0
930,4771,0
931,11489,1
932,24859,1
933,24497,0
934,2485,0
935,8299,0
936,6923,1
937,7693,0
938,21341,1
939,296,1
940,16818,0
941,19081,0
942,7051,1
943,19487,0
944,9297,1
945,11460,0
946,23020,1
947,14656,1
948,5354,0
949,2961,0
950,7399,0
951,16661,0
952,4208,1
953,10597,1
954,8447,0
955,4853,1
956,24839,1
957,5919,0
958,14170,1
959,25262,0
960,23729,1
961,3503,1
962,19246,0
963,9793,0
964,6020,0
965,2783,0
966,8991,0
967,8045,1
968,7427,0
969,14950,0
970,706,0
971,20159,1
972,10977,0
973,12911,1
974,6904,0
975,20132,0
976,23255,0
977,24922,0
978,2465,0
979,22288,0
980,10212,1
981,23476,1
982,17490,1
983,23689,1
984,23513,1
985,16460,1
986,14098,0
987,18952,1
988,21218,0
989,25036,0
990,5610,1
991,2852,1
992,2905,1
993,7228,1
994,18016,0
995,14421,1
996,8035,0
997,869,0
998,9136,1
999,23389,0
1000,9373,0
1001,7019,1
1002,22746,1
1003,1853,0
1004,18239,1
1005,14157,0
1006,21372,1
1007,5026,0
1008,15839,1
1009,15515,1
1010,24149,0
1011,22451,0
1012,940,1
1013,26453,0
1014,16729,1
1015,17124,1
1016,15992,0
1017,1837,1
1018,11261,0
1019,15055,1
1020,26103,0
1021,15390,0
1022,4361,0
1023,11760,1
1024,22592,0
1025,6813,0
1026,12832,0
1027,20581,0
1028,14492,1
1029,16166,0
1030,1525,0
1031,12766,0
1032,11166,1
1033,6824,1
1034,4616,0
1035,1109,1
1036,5980,1
1037,7608,1
1038,18700,0
1039,13797,1
1040,3725,0
1041,24107,0
1042,21623,0
1043,3453,0
1044,8829,0
1045,14613,0
1046,3569,0
1047,24105,1
1048,23936,1
1049,24971,0
1050,20776,1
1051,16817,0
1052,22759,0
1053,3547,0
1054,4686,1
1055,15482,0
1056,23831,0
1057,895,1
1058,17937,1
1059,25038,0
1060,9240,0
1061,10916,0
1062,7592,1
1063,13789,0
1064,11451,1
1065,1520,1
1066,11459,1
1067,10856,0
1068,16964,0
1069,13275,0
1070,2391,0
1071,11141,0
1072,3195,1
1073,8622,1
1074,13942,0
1075,9361,1
1076,21962,1
1077,14298,0
1078,14469,0
1079,22308,1
1080,16389,0
1081,24571,0
1082,19127,1
1083,4574,0
1084,12237,1
1085,68,1
1086,8532,1
1087,21720,1
1088,2108,1
1089,7530,1
1090,11146,0
1091,22948,0
1092,21683,0
1093,12710,1
1094,8632,1
1095,21922,1
1096,10658,0
1097,13893,0
1098,14577,1
1099,2045,0
1100,21524,1
1101,1710,1
1102,11187,1
1103,3442,0
1104,2333,0
1105,2061,0
1106,9378,0
1107,25675,0
1108,14818,1
1109,19366,0
1110,24169,0
1111,3050,1
1112,20532,0
1113,4644,1
1114,23793,1
1115,9690,0
1116,8293,0
1117,18067,0
1118,6948,1
1119,18996,1
1120,6299,0
1121,4348,0
1122,3922,0
1123,2219,1
1124,9418,0
1125,16452,0
1126,13958,1
1127,17429,0
1128,5463,0
1129,1814,1
1130,23309,0
1131,15359,0
1132,18166,1
1133,5251,0
1134,12053,0
1135,12202,1
1136,10227,0
1137,19425,1
1138,14679,0
1139,16685,1
1140,9047,0
1141,21171,0
1142,15170,1
1143,22243,1
1144,9075,1
1145,10038,0
1146,13426,1
1147,983,1
1148,7202,1
1149,7205,0
1150,16915,1
1151,545,1
1152,3806,0
1153,14194,0
1154,22220,1
1155,24964,0
1156,16421,1
1157,5318,0
1158,12075,1
1159,6912,0
1160,9506,0
1161,971,0
1162,14158,1
1163,17428,1
1164,23070,0
1165,7139,0
1166,24337,1
1167,22460,0
1168,21104,0
1169,8729,0
1170,19168,0
1171,13338,1
1172,22684,1
1173,22790,1
1174,15912,1
1175,24408,1
1176,10861,1
1177,3545,1
1178,22263,0
1179,24083,1
1180,11495,1
1181,5220,0
1182,18842,0
1183,8105,0
1184,17948,0
1185,14009,1
1186,3058,1
1187,3423,1
1188,17003,1
1189,21034,0
1190,24872,1
1191,16930,0
1192,8587,0
1193,23199,0
1194,6671,1
1195,4075,0
1196,16938,1
1197,7468,0
1198,4572,1
1199,4730,0
1200,26053,0
1201,4863,0
1202,23658,1
1203,13859,1
1204,7645,0
1205,2948,0
1206,15206,1
1207,20512,1
1208,17393,1
1209,15224,1
1210,26065,1
1211,5347,1
1212,3176,0
1213,5325,1
1214,20615,1
1215,23376,1
1216,25556,0
1217,1676,0
1218,10243,1
1219,9749,0
1220,7298,0
1221,5940,1
1222,26092,0
1223,17288,1
1224,9886,0
1225,13355,0
1226,21768,0
1227,25938,0
1228,17605,1
1229,26703,1
1230,10430,0
1231,20785,1
1232,4587,0
1233,437,0
1234,11572,0
1235,23479,1
1236,22049,1
1237,17080,1
1238,12848,1
1239,5917,1
1240,8220,0
1241,7021,1
1242,15570,1
1243,8728,0
1244,3756,0
1245,24159,1
1246,12997,0
1247,6594,0
1248,4870,0
1249,13347,0
1250,8267,1
1251,10975,0
1252,26619,1
1253,18035,1
1254,8527,0
1255,1580,1
1256,17178,1
1257,15102,0
1258,22691,0
1259,15124,1
1260,11315,1
1261,9465,0
1262,15923,1
1263,12084,1
1264,14605,0
1265,4583,0
1266,13251,0
1267,20347,0
1268,24500,0
1269,14068,0
1270,7061,1
1271,9408,0
1272,23208,0
1273,18582,0
1274,23738,0
1275,26514,1
1276,4995,0
1277,23607,1
1278,7662,1
1279,8936,0
1280,14278,0
1281,8103,0
1282,17751,0
1283,90,0
1284,26634,1
1285,26696,0
1286,22767,1
1287,21572,1
1288,8215,1
1289,15536,1
1290,14186,0
1291,4068,0
1292,7337,0
1293,4218,1
1294,11025,0
1295,13051,1
1296,15911,0
1297,2795,1
1298,9406,0
1299,15585,0
1300,2454,0
1301,20306,0
1302,12535,0
1303,102,1
1304,4404,0
1305,26507,0
1306,23795,1
1307,12916,1
1308,9713,0
1309,12385,0
1310,21758,1
1311,19205,0
1312,23485,1
1313,26641,0
1314,15457,1
1315,1511,0
1316,14744,1
1317,18020,0
1318,21095,1
1319,15290,0
1320,24594,0
1321,14584,1
1322,28,1
1323,25959,0
1324,25568,0
1325,14592,1
1326,25147,0
1327,10176,1
1328,24786,0
1329,3878,0
1330,24640,1
1331,24744,0
1332,25434,0
1333,21846,1
1334,10959,1
1335,24117,0
1336,22386,0
1337,16694,1
1338,4140,1
1339,14372,0
1340,22292,1
1341,18694,0
1342,25090,1
1343,6014,0
1344,15984,1
1345,24033,1
1346,810,1
1347,9369,1
1348,19229,0
1349,4101,0
1350,22595,0
1351,8469,0
1352,20880,1
1353,4135,0
1354,14238,0
1355,1431,1
1356,20138,0
1357,10360,1
1358,11408,0
1359,1058,0
1360,13379,1
1361,7303,0
1362,18635,1
1363,6536,0
1364,10831,0
1365,6965,1
1366,11347,1
1367,23982,0
1368,18043,1
1369,8214,1
1370,12709,0
1371,17755,1
1372,25737,0
1373,5004,1
1374,25739,0
1375,12036,1
1376,26468,0
1377,6297,0
1378,12809,0
1379,1441,0
1380,24042,0
1381,5289,1
1382,7770,1
1383,26043,0
1384,3943,1
1385,21619,1
1386,15668,1
1387,6223,1
1388,19367,1
1389,16533,1
1390,13857,0
1391,15097,1
1392,11594,0
1393,26294,1
1394,525,1
1395,17869,1
1396,20628,1
1397,2324,1
1398,1692,1
1399,17667,1
1400,6522,0
1401,23350,1
1402,20151,0
1403,4475,0
1404,19404,0
1405,6810,0
1406,25197,1
1407,11566,0
1408,4678,1
1409,9976,0
1410,995,1
1411,25857,0
1412,24746,0
1413,20326,1
1414,14796,1
1415,3608,0
1416,21604,1
1417,26243,1
1418,24660,0
1419,8549,0
1420,26334,1
1421,17189,1
1422,25493,1
1423,8066,0
1424,3673,1
1425,4974,0
1426,7845,1
1427,19886,1
1428,8658,1
1429,9867,0
1430,13758,0
1431,4367,1
1432,15846,0
1433,17361,1
1434,25838,0
1435,10266,1
1436,6535,0
1437,13774,1
1438,25171,0
1439,18095,1
1440,5410,0
1441,8308,1
1442,15665,0
1443,19264,1
1444,15066,0
1445,20516,0
1446,19835,1
1447,26052,0
1448,21363,1
1449,13033,0
1450,6187,1
1451,20182,1
1452,5522,0
1453,11919,0
1454,16051,1
1455,19492,1
1456,9604,0
1457,22597,0
1458,4938,1
1459,11454,1
1460,18284,1
1461,12633,0
1462,1191,0
1463,16170,0
1464,20836,0
1465,24763,0
1466,12471,0
1467,982,1
1468,21700,0
1469,11762,1
1470,15545,1
1471,9451,0
1472,719,0
1473,10748,0
1474,5090,1
1475,3660,0
1476,11428,1
1477,20383,1
1478,16828,0
1479,23045,0
1480,22985,0
1481,12855,1
1482,15894,1
1483,399,1
1484,14336,0
1485,10414,0
1486,23032,1
1487,3879,0
1488,26456,0
1489,20450,1
1490,6597,0
1491,23550,1
1492,4515,1
1493,19689,0
1494,7200,0
1495,6329,1
1496,16252,1
1497,14415,0
1498,5000,1
1499,20481,1
1500,15321,0
1501,1075,1
1502,11171,0
1503,26348,1
1504,5203,0
1505,14847,1
1506,26122,1
1507,15577,1
1508,3357,0
1509,1329,0
1510,3435,1
1511,6145,1
1512,302,1
1513,20069,1
1514,16394,1
1515,19815,0
1516,18848,0
1517,18494,0
1518,18131,1
1519,21407,0
1520,14962,0
1521,5441,1
1522,20813,0
1523,17682,1
1524,2183,0
1525,25149,1
1526,24965,0
1527,4653,0
1528,14508,0
1529,19741,0
1530,19817,0
1531,25358,1
1532,3734,1
1533,22362,0
1534,22083,1
1535,7661,0
1536,16067,1
1537,21565,0
1538,16559,0
1539,23568,1
1540,14688,0
1541,17614,0
1542,10291,1
1543,8553,0
1544,4316,0
1545,16165,0
1546,14150,0
1547,2352,1
1548,19841,0
1549,5656,0
1550,11468,0
1551,15365,1
1552,1241,1
1553,3586,0
1554,13022,1
1555,3341,0
1556,13157,1
1557,2970,0
1558,26133,0
1559,7533,1
1560,284,0
1561,11170,0
1562,21098,1
1563,23684,1
1564,20760,0
1565,1462,0
1566,26136,0
1567,18138,1
1568,24245,1
1569,6969,0
1570,10877,1
1571,19123,1
1572,191,0
1573,8327,0
1574,13141,0
1575,16366,1
1576,6964,1
1577,26506,1
1578,1901,0
1579,9826,0
1580,8531,1
1581,8495,0
1582,22249,0
1583,4091,0
1584,15798,0
1585,26060,0
1586,4242,1
1587,21920,0
1588,10678,1
1589,15575,0
1590,20210,0
1591,7992,1
1592,15555,1
1593,20297,0
1594,3557,0
1595,13589,0
1596,23819,1
1597,3713,0
1598,8776,0
1599,22060,0
1600,21749,1
1601,11809,0
1602,2128,0
1603,13532,0
1604,8055,1
1605,20950,1
1606,15700,1
1607,16466,0
1608,14199,1
1609,5982,0
1610,19060,0
1611,21143,0
1612,4547,0
1613,11653,1
1614,14528,1
1615,14779,0
1616,25868,0
1617,26475,0
1618,17668,1
1619,20833,0
1620,1652,0
1621,13930,1
1622,23848,1
1623,24493,1
1624,95,1
1625,8780,0
1626,24712,0
1627,18063,0
1628,2222,0
1629,26655,0
1630,2309,1
1631,24910,0
1632,7897,0
1633,22950,1
1634,22466,0
1635,25428,1
1636,15623,1
1637,16206,0
1638,13764,0
1639,3081,0
1640,25881,0
1641,6089,1
1642,3980,1
1643,5247,0
1644,2992,0
1645,21315,1
1646,9651,1
1647,390,0
1648,9396,0
1649,7493,0
1650,14829,0
1651,23161,0
1652,21656,1
1653,19375,0
1654,19774,1
1655,10099,1
1656,4182,1
1657,2958,1
1658,3933,0
1659,1637,0
1660,21887,0
1661,19114,0
1662,11355,0
1663,21039,1
1664,19270,1
1665,5525,0
1666,23939,1
1667,23138,1
1668,20890,0
1669,6991,0
1670,695,0
1671,12218,1
1672,4982,0
1673,21022,0
1674,2119,0
1675,5733,0
1676,3971,1
1677,2139,0
1678,9176,1
1679,19456,0
1680,18449,1
1681,4431,1
1682,17431,0
1683,26560,0
1684,20653,1
1685,7482,0
1686,22988,0
1687,15273,1
1688,13925,0
1689,6319,0
1690,32,0
1691,20114,0
1692,23188,0
1693,20984,1
1694,10185,0
1695,18902,0
1696,21500,0
1697,13607,0
1698,791,0
1699,5470,0
1700,23212,0
1701,9764,1
1702,22108,1
1703,2845,0
1704,24822,0
1705,2133,0
1706,14005,1
1707,21370,1
1708,18569,1
1709,5423,1
1710,15039,0
1711,23420,1
1712,25079,0
1713,2438,0
1714,7902,1
1715,25772,0
1716,14905,0
1717,11789,0
1718,1253,0
1719,5313,1
1720,8767,1
1721,8711,1
1722,17082,1
1723,23444,1
1724,7582,1
1725,11871,0
1726,17576,0
1727,26159,0
1728,15422,1
1729,3897,1
1730,14777,0
1731,24072,1
1732,15811,0
1733,10304,0
1734,8225,0
1735,11340,1
1736,5562,0
1737,20473,0
1738,7241,1
1739,24422,0
1740,14816,0
1741,19216,0
1742,23678,1
1743,21794,1
1744,10245,1
1745,322,0
1746,16105,0
1747,20156,0
1748,21454,1
1749,14727,0
1750,13934,0
1751,5074,1
1752,17308,1
1753,10822,1
1754,19613,1
1755,9569,1
1756,15148,0
1757,19096,1
1758,14509,0
1759,24402,0
1760,14458,1
1761,3145,0
1762,19424,0
1763,16073,1
1764,22169,0
1765,26059,1
1766,5389,0
1767,17394,0
1768,20228,0
1769,14856,1
1770,166,0
1771,23361,0
1772,1715,0
1773,26515,1
1774,15832,0
1775,4892,0
1776,17495,0
1777,15237,0
1778,24276,1
1779,6954,0
1780,18041,1
1781,5246,0
1782,6507,0
1783,889,1
1784,15193,1
1785,255,0
1786,20379,1
1787,15043,0
1788,7189,0
1789,13252,0
1790,5012,1
1791,12062,0
1792,24498,0
1793,6523,0
1794,16038,0
1795,2104,0
1796,19711,1
1797,3578,1
1798,6650,0
1799,21119,0
1800,11617,1
1801,15754,0
1802,24615,1
1803,17537,0
1804,19356,0
1805,6515,0
1806,15091,1
1807,8944,1
1808,2105,0
1809,8251,1
1810,13483,1
1811,1171,1
1812,1705,0
1813,23666,0
1814,20787,1
1815,5550,0
1816,2916,1
1817,17383,0
1818,13072,1
1819,6451,1
1820,18849,0
1821,1412,1
1822,7737,1
1823,13385,0
1824,9518,0
1825,12730,1
1826,12720,1
1827,5810,1
1828,2407,1
1829,17882,0
1830,15341,1
1831,17591,0
1832,17424,1
1833,2079,0
1834,14315,1
1835,9743,1
1836,24164,1
1837,16953,0
1838,19641,1
1839,22069,0
1840,14844,1
1841,26585,0
1842,18442,0
1843,15190,1
1844,9755,0
1845,23659,1
1846,10544,1
1847,22366,1
1848,11118,1
1849,22061,1
1850,8886,1
1851,10582,1
1852,1644,1
1853,20303,0
1854,25388,1
1855,8725,0
1856,9742,0
1857,25963,1
1858,5436,0
1859,25722,1
1860,13678,0
1861,17455,0
1862,20969,1
1863,19069,1
1864,21101,1
1865,15298,0
1866,8271,0
1867,22424,0
1868,12695,0
1869,5731,0
1870,14922,0
1871,9787,1
1872,594,1
1873,25309,0
1874,15744,0
1875,14007,0
1876,26588,0
1877,12416,1
1878,23510,0
1879,18513,0
1880,12729,1
1881,24106,0
1882,22170,0
1883,7429,1
1884,14366,1
1885,687,0
1886,26698,0
1887,19354,1
1888,13096,0
1889,14429,0
1890,19814,0
1891,9753,1
1892,11814,0
1893,5345,1
1894,25233,0
1895,12192,1
1896,21026,0
1897,19013,0
1898,26531,0
1899,8975,0
1900,14087,1
1901,2143,1
1902,22062,0
1903,2410,1
1904,6343,0
1905,6063,0
1906,11911,0
1907,7690,1
1908,15119,0
1909,22573,0
1910,2008,1
1911,15,1
1912,14174,0
1913,125,0
1914,17029,0
1915,6346,0
1916,4493,1
1917,24784,0
1918,23082,1
1919,23847,0
1920,5038,1
1921,16133,0
1922,11988,0
1923,3793,0
1924,2032,0
1925,4983,0
1926,23806,0
1927,2878,1
1928,4561,0
1929,3842,0
1930,15143,0
1931,17285,0
1932,14860,0
1933,9205,0
1934,8132,0
1935,10187,0
1936,10202,1
1937,2975,0
1938,8960,0
1939,24576,1
1940,23475,0
1941,17852,0
1942,9707,0
1943,3894,0
1944,16028,0
1945,3749,0
1946,2743,0
1947,451,0
1948,21787,0
1949,11061,0
1950,3902,1
1951,14550,1
1952,20505,1
1953,6992,0
1954,26578,1
1955,20447,0
1956,7735,0
1957,25059,0
1958,12187,1
1959,10046,0
1960,16035,0
1961,21991,1
1962,20494,0
1963,22528,1
1964,3779,0
1965,17757,1
1966,6929,0
1967,12705,1
1968,9311,0
1969,17815,1
1970,14721,1
1971,11852,1
1972,9063,1
1973,26643,1
1974,2642,1
1975,4774,0
1976,3887,1
1977,2042,0
1978,9736,0
1979,3016,0
1980,13903,1
1981,16677,1
1982,21528,1
1983,20468,0
1984,3097,1
1985,11903,1
1986,14681,0
1987,25259,1
1988,19899,1
1989,7956,1
1990,5944,1
1991,2833,0
1992,7785,0
1993,7020,1
1994,10420,0
1995,16928,0
1996,9863,0
1997,2474,1
1998,11984,0
1999,10965,0
2000,19452,1
2001,20026,0
2002,9065,0
2003,3376,0
2004,20118,0
2005,8769,0
2006,4207,0
2007,19764,0
2008,4802,0
2009,13360,0
2010,11412,1
2011,17019,0
2012,3974,1
2013,81,0
2014,22154,1
2015,15612,1
2016,17779,0
2017,2392,1
2018,23866,0
2019,13071,1
2020,4342,0
2021,13035,1
2022,10503,0
2023,14081,1
2024,21088,0
2025,20646,0
2026,21655,1
2027,22339,1
2028,16326,0
2029,5728,1
2030,16043,0
2031,19873,1
2032,20914,1
2033,12853,0
2034,16635,0
2035,21783,0
2036,8904,0
2037,9806,0
2038,24460,0
2039,25669,1
2040,11925,1
2041,12006,1
2042,4595,0
2043,518,0
2044,22530,1
2045,19570,1
2046,19754,0
2047,8351,1
2048,7544,0
2049,15419,1
2050,25048,0
2051,6540,0
2052,14920,1
2053,289,0
2054,11278,0
2055,4386,0
2056,24610,0
2057,7922,1
2058,1648,0
2059,24884,1
2060,2691,1
2061,18616,0
2062,6685,1
2063,7476,0
2064,2847,1
2065,15364,0
2066,20499,1
2067,9324,1
2068,4021,0
2069,15278,1
2070,3958,1
2071,16256,0
2072,19397,1
2073,7532,0
2074,13264,1
2075,16824,0
2076,11159,1
2077,13557,1
2078,8618,1
2079,14598,1
2080,26250,0
2081,5686,0
2082,21339,0
2083,1052,0
2084,20642,0
2085,15337,1
2086,1316,0
2087,13640,0
2088,21419,0
2089,25553,0
2090,11183,1
2091,17753,0
2092,11070,0
2093,9446,0
2094,15187,1
2095,22980,0
2096,8870,1
2097,23382,0
2098,12959,1
2099,24165,1
2100,15931,1
2101,12800,1
2102,18832,1
2103,219,1
2104,1185,1
2105,9425,1
2106,9179,1
2107,6388,0
2108,18282,1
2109,13719,1
2110,19172,0
2111,23252,0
2112,22557,0
2113,1951,1
2114,5,0
2115,11479,0
2116,25272,1
2117,9322,0
2118,7351,0
2119,10530,0
2120,6667,0
2121,15948,1
2122,2705,1
2123,5278,0
2124,18709,0
2125,21307,1
2126,535,0
2127,20190,1
2128,385,1
2129,13718,1
2130,2273,0
2131,12329,1
2132,23683,0
2133,3125,0
2134,10027,0
2135,2111,0
2136,489,0
2137,12335,1
2138,24264,0
2139,19842,1
2140,3198,1
2141,19195,0
2142,6587,0
2143,17160,0
2144,3895,1
2145,16104,0
2146,8459,0
2147,17613,0
2148,17261,1
2149,17792,0
2150,9772,1
2151,25922,1
2152,16965,0
2153,4548,0
2154,26701,0
2155,2478,1
2156,6634,0
2157,19110,0
2158,25174,0
2159,20665,1
2160,15891,0
2161,4836,0
2162,20102,0
2163,9789,1
2164,8247,1
2165,22080,1
2166,18118,0
2167,20577,0
2168,11371,0
2169,5094,1
2170,15104,1
2171,13438,0
2172,24115,0
2173,17485,0
2174,15260,1
2175,17300,0
2176,10375,0
2177,13694,0
2178,980,0
2179,2728,0
2180,22213,1
2181,18300,1
2182,14050,0
2183,16037,0
2184,14792,0
2185,11379,1
2186,18814,0
2187,7908,0
2188,20092,0
2189,23155,0
2190,560,0
2191,16580,0
2192,3836,1
2193,21771,1
2194,19539,0
2195,10040,1
2196,19435,1
2197,20299,0
2198,20700,0
2199,7924,0
2200,19173,1
2201,7014,1
2202,11329,1
2203,4387,0
2204,26693,1
2205,23562,1
2206,11498,1
2207,13163,0
2208,23927,1
2209,4895,1
2210,5683,0
2211,26101,0
2212,9862,1
2213,16766,1
2214,14049,0
2215,1713,1
2216,23534,1
2217,18401,0
2218,4735,1
2219,3108,0
2220,15123,1
2221,11086,0
2222,2156,1
2223,11204,0
2224,24850,1
2225,15512,1
2226,12561,0
2227,10281,1
2228,15505,1
2229,7898,1
2230,22729,0
2231,14594,0
2232,5171,0
2233,19332,0
2234,7598,0
2235,3127,0
2236,8356,1
2237,2212,0
2238,2750,1
2239,23408,1
2240,18750,0
2241,22546,0
2242,1779,0
2243,5820,0
2244,10140,1
2245,25711,1
2246,14196,1
2247,5177,0
2248,3504,1
2249,13485,0
2250,3740,0
2251,4848,0
2252,521,0
2253,189,0
2254,17259,1
2255,25054,1
2256,12092,0
2257,22279,0
2258,13883,1
2259,19370,1
2260,1097,0
2261,14785,1
2262,7972,1
2263,15426,1
2264,3375,1
2265,6105,0
2266,12409,0
2267,11826,0
2268,571,0
2269,3403,0
2270,23481,0
2271,13472,1
2272,7740,1
2273,4452,0
2274,7672,0
2275,8909,1
2276,17497,0
2277,2687,1
2278,14084,1
2279,10004,0
2280,15309,0
2281,14800,0
2282,13746,0
2283,4234,0
2284,23069,0
2285,14279,0
2286,19772,0
2287,25635,0
2288,15067,1
2289,16086,1
2290,13063,0
2291,18783,1
2292,10135,0
2293,21261,0
2294,20779,0
2295,24344,1
2296,11145,1
2297,2147,1
2298,7724,1
2299,510,1
2300,12273,0
2301,12186,0
2302,18974,0
2303,22354,0
2304,26442,0
2305,16191,0
2306,20376,1
2307,20295,0
2308,1297,0
2309,7594,0
2310,4332,0
2311,10384,1
2312,10736,1
2313,6436,1
2314,13342,0
2315,13329,0
2316,15921,1
2317,14653,0
2318,4086,0
2319,20563,0
2320,4271,1
2321,18094,1
2322,12061,0
2323,23268,1
2324,8101,1
2325,12673,0
2326,25714,1
2327,21544,1
2328,5540,1
2329,4943,0
2330,22168,1
2331,17713,0
2332,15888,1
2333,14641,1
2334,17040,0
2335,20289,1
2336,17384,1
2337,18498,0
2338,4410,1
2339,21941,0
2340,6577,1
2341,1492,0
2342,6081,0
2343,13887,0
2344,25880,0
2345,5231,1
2346,13913,0
2347,7477,1
2348,7414,0
2349,19597,0
2350,18245,1
2351,16138,1
2352,10917,1
2353,9117,0
2354,3184,1
2355,25602,1
2356,12080,1
2357,12614,1
2358,12442,0
2359,3165,0
2360,9894,0
2361,6747,0
2362,18158,0
2363,21989,1
2364,15803,1
2365,22419,1
2366,24811,0
2367,672,0
2368,9647,0
2369,12546,1
2370,1382,1
2371,10712,0
2372,8429,1
2373,11540,1
2374,19237,1
2375,13747,1
2376,7465,1
2377,6819,0
2378,25003,1
2379,22316,0
2380,9088,1
2381,6280,0
2382,14051,0
2383,14250,1
2384,7192,1
2385,10122,1
2386,5544,1
2387,9281,1
2388,16531,1
2389,1923,1
2390,22640,1
2391,19036,0
2392,988,0
2393,16911,1
2394,13387,0
2395,22566,0
2396,4476,0
2397,21146,1
2398,25516,1
2399,16565,0
2400,7991,0
2401,20117,0
2402,550,1
2403,13260,1
2404,9227,0
2405,16989,0
2406,23957,0
2407,8608,0
2408,25168,0
2409,23850,0
2410,23912,0
2411,8655,0
2412,7607,0
2413,7505,1
2414,21413,0
2415,25198,1
2416,15830,1
2417,25544,0
2418,2281,0
2419,11482,0
2420,6220,1
2421,17324,1
2422,19617,0
2423,22042,1
2424,17213,0
2425,2453,1
2426,11823,1
2427,257,1
2428,14027,1
2429,6039,0
2430,4168,0
2431,8065,1
2432,1027,1
2433,16156,0
2434,21578,1
2435,2077,0
2436,15510,0
2437,24167,0
2438,17996,1
2439,1646,0
2440,23696,0
2441,5057,1
2442,23707,0
2443,21960,1
2444,18758,0
2445,25344,0
2446,13079,1
2447,8519,0
2448,18684,0
2449,8249,1
2450,25303,1
2451,25163,1
2452,16318,0
2453,23258,1
2454,25331,1
2455,5646,0
2456,10653,1
2457,22986,0
2458,20820,1
2459,723,0
2460,2523,0
2461,24661,0
2462,17946,1
2463,4708,0
2464,11131,0
2465,23442,0
2466,3505,0
2467,15079,0
2468,7589,0
2469,17735,0
2470,6855,1
2471,26140,1
2472,19864,0
2473,8961,1
2474,22409,0
2475,12304,0
2476,89,0
2477,8733,0
2478,21686,0
2479,285,1
2480,4535,0
2481,15683,0
2482,18670,1
2483,10112,0
2484,15351,1
2485,5390,1
2486,16382,1
2487,18311,0
2488,22322,0
2489,13143,0
2490,9811,0
2491,10902,1
2492,18878,1
2493,14328,0
2494,1178,0
2495,14603,0
2496,24401,0
2497,4807,1
2498,12622,0
2499,10709,1
2500,13688,0
2501,15519,1
2502,5495,1
2503,13247,0
2504,14907,0
2505,3692,0
2506,21918,0
2507,15479,1
2508,26629,1
2509,3371,0
2510,10256,1
2511,18643,0
2512,9895,1
2513,20764,0
2514,16743,1
2515,24865,0
2516,4531,0
2517,4362,0
2518,13211,0
2519,1774,0
2520,14161,0
2521,21813,0
2522,7931,0
2523,6348,1
2524,6281,0
2525,14678,0
2526,26664,0
2527,14041,1
2528,9582,1
2529,7618,0
2530,21679,1
2531,9137,1
2532,18135,0
2533,13811,0
2534,19309,1
2535,8033,0
2536,23615,1
2537,6189,0
2538,13040,1
2539,24428,0
2540,8317,1
2541,13847,0
2542,17382,0
2543,11942,0
2544,5745,0
2545,2537,1
2546,18901,0
2547,23445,0
2548,22605,1
2549,24690,1
2550,26189,0
2551,17435,0
2552,20575,0
2553,1773,1
2554,21073,1
2555,15903,0
2556,11433,1
2557,17301,0
2558,2979,1
2559,4585,1
2560,1110,1
2561,13960,0
2562,3454,0
2563,4267,1
2564,4786,0
2565,875,0
2566,24178,0
2567,10702,1
2568,6943,0
2569,16407,0
2570,10371,1
2571,10374,1
2572,21340,0
2573,8923,1
2574,14793,0
2575,416,1
2576,3686,1
2577,20374,1
2578,7371,1
2579,15805,0
2580,13499,0
2581,14968,1
2582,11783,1
2583,22644,0
2584,14884,0
2585,23508,0
2586,9578,0
2587,18070,0
2588,10497,0
2589,1740,0
2590,25694,1
2591,20548,1
2592,16605,1
2593,5865,0
2594,8436,1
2595,570,0
2596,436,1
2597,5873,0
2598,5991,0
2599,5276,1
2600,17206,0
2601,12369,0
2602,12797,1
2603,12296,0
2604,13712,0
2605,1222,1
2606,3526,0
2607,17226,0
2608,13196,0
2609,14578,1
2610,18356,1
2611,4434,1
2612,6444,1
2613,8375,1
2614,894,0
2615,6457,1
2616,21375,1
2617,14496,0
2618,15594,1
2619,11116,1
2620,5567,1
2621,1051,1
2622,21299,0
2623,21093,0
2624,23227,0
2625,19387,0
2626,8522,0
2627,19699,0
2628,1722,1
2629,11245,0
2630,18307,0
2631,12097,1
2632,4498,1
2633,21312,1
2634,4624,1
2635,20170,1
2636,16995,0
2637,14276,1
2638,2290,0
2639,21875,1
2640,12753,1
2641,10035,0
2642,671,1
2643,23901,1
2644,23306,0
2645,19058,0
2646,301,1
2647,6215,0
2648,22224,0
2649,11242,1
2650,7442,0
2651,18295,0
2652,21382,1
2653,11060,1
2654,13306,0
2655,23195,0
2656,16379,1
2657,16386,0
2658,16147,0
2659,25373,0
2660,9715,0
2661,12134,0
2662,6799,1
2663,9831,1
2664,7015,1
2665,2966,1
2666,2656,0
2667,24242,1
2668,12942,1
2669,22118,0
2670,25448,1
2671,2238,0
2672,5096,1
2673,9057,0
2674,19261,1
2675,18342,1
2676,7282,0
2677,24952,1
2678,23085,0
2679,2578,0
2680,7025,0
2681,20780,0
2682,5040,0
2683,23580,0
2684,9353,0
2685,13427,0
2686,8089,0
2687,3656,0
2688,20558,0
2689,20205,1
2690,9486,0
2691,24037,1
2692,11670,0
2693,24241,1
2694,3401,0
2695,2859,1
2696,6266,1
2697,19199,1
2698,3945,1
2699,9387,0
2700,3602,1
2701,6192,0
2702,5746,0
2703,8774,0
2704,22405,1
2705,23543,1
2706,3508,1
2707,9232,0
2708,9042,1
2709,14999,1
2710,11733,0
2711,17090,0
2712,1072,0
2713,10416,0
2714,2663,0
2715,981,1
2716,17550,1
2717,1983,1
2718,205,1
2719,5061,1
2720,21993,1
2721,20356,1
2722,3277,0
2723,13327,1
2724,2327,0
2725,24914,1
2726,10218,0
2727,762,0
2728,5103,0
2729,19416,0
2730,25008,0
2731,14396,1
2732,2428,1
2733,24835,1
2734,16497,1
2735,14111,0
2736,9925,1
2737,17730,0
2738,15685,1
2739,7784,1
2740,16732,0
2741,7460,1
2742,9990,0
2743,14032,1
2744,11528,1
2745,23573,0
2746,6999,1
2747,26680,1
2748,6785,1
2749,18688,0
2750,24156,0
2751,1916,1
2752,18265,1
2753,14770,0
2754,17482,1
2755,23026,0
2756,16020,1
2757,252,1
2758,15454,0
2759,16576,1
2760,14394,0
2761,16994,1
2762,13155,1
2763,17828,0
2764,5097,0
2765,18788,1
2766,20902,1
2767,8133,1
2768,5882,0
2769,19676,0
2770,4210,0
2771,14927,0
2772,1893,1
2773,5576,1
2774,24049,1
2775,19371,1
2776,2954,1
2777,8570,1
2778,7987,0
2779,19816,1
2780,11240,0
2781,1934,1
2782,12447,0
2783,7885,1
2784,22829,1
2785,4717,1
2786,7649,0
2787,26002,0
2788,232,1
2789,25671,0
2790,9769,0
2791,15282,1
2792,553,1
2793,5549,1
2794,16922,1
2795,14769,0
2796,10805,1
2797,10052,0
2798,11719,1
2799,16798,1
2800,21610,1
2801,20638,1
2802,17620,0
2803,15317,1
2804,9763,0
2805,17849,0
2806,18953,1
2807,20591,0
2808,4191,0
2809,20035,1
2810,22782,0
2811,9536,1
2812,22612,1
2813,5454,0
2814,14644,1
2815,18439,0
2816,8520,0
2817,13480,0
2818,655,0
2819,22102,0
2820,26562,0
2821,26513,0
2822,5338,0
2823,13144,0
2824,1708,0
2825,21318,1
2826,12461,1
2827,18446,1
2828,1179,0
2829,20928,1
2830,22149,1
2831,1305,1
2832,23377,0
2833,9456,1
2834,18661,1
2835,22598,0
2836,19906,1
2837,4401,1
2838,12737,0
2839,5999,0
2840,6918,0
2841,11509,1
2842,6562,1
2843,1909,0
2844,12398,0
2845,13047,0
2846,3214,1
2847,3301,0
2848,7433,1
2849,17397,1
2850,20918,1
2851,11093,1
2852,20175,0
2853,3392,0
2854,13177,0
2855,16996,1
2856,25960,0
2857,21448,0
2858,311,0
2859,7324,0
2860,10571,1
2861,23210,1
2862,20956,1
2863,15272,0
2864,9070,1
2865,4233,1
2866,4057,1
2867,11139,0
2868,22608,0
2869,16747,0
2870,11918,0
2871,14575,0
2872,24585,0
2873,7381,1
2874,23347,1
2875,21504,0
2876,8363,1
2877,10132,1
2878,20078,0
2879,16855,0
2880,544,1
2881,25957,0
2882,16963,1
2883,1764,1
2884,7776,0
2885,9212,1
2886,11681,0
2887,3386,1
2888,11664,0
2889,15495,0
2890,24468,0
2891,22082,1
2892,7367,0
2893,16540,0
2894,3747,1
2895,24466,1
2896,9888,0
2897,18333,0
2898,22035,0
2899,10556,0
2900,26636,0
2901,359,0
2902,24880,0
2903,6525,0
2904,7130,0
2905,4033,1
2906,24692,0
2907,24494,0
2908,1930,0
2909,8973,0
2910,12330,1
2911,16854,0
2912,2842,0
2913,274,0
2914,17105,0
2915,18321,1
2916,4666,0
2917,17876,1
2918,9961,0
2919,7057,1
2920,23728,1
2921,7383,0
2922,13621,0
2923,20709,1
2924,23525,1
2925,17181,1
2926,22747,1
2927,7357,0
2928,3753,0
2929,11626,0
2930,84,1
2931,23466,1
2932,15011,0
2933,2950,1
2934,24870,1
2935,8528,1
2936,21838,0
2937,10311,1
2938,7840,1
2939,21912,0
2940,16495,0
2941,16474,1
2942,1572,1
2943,8000,0
2944,14978,0
2945,11472,1
2946,22943,1
2947,10,0
2948,10205,0
2949,12066,0
2950,17275,1
2951,4355,1
2952,1420,0
2953,10843,0
2954,5259,0
2955,8623,0
2956,8705,1
2957,6387,1
2958,2621,0
2959,15198,0
2960,12394,0
2961,14160,1
2962,10296,1
2963,13699,0
2964,2641,0
2965,21713,0
2966,2535,0
2967,10540,1
2968,19227,1
2969,11815,0
2970,17821,0
2971,6680,0
2972,19760,1
2973,25044,1
2974,21584,0
2975,16500,1
2976,7048,0
2977,2627,0
2978,2258,1
2979,18004,1
2980,13491,0
2981,20735,0
2982,11389,0
2983,18714,1
2984,16006,0
2985,22297,1
2986,13128,0
2987,1617,1
2988,16152,0
2989,23367,1
2990,901,1
2991,24619,0
2992,23440,0
2993,7647,0
2994,24509,1
2995,19320,0
2996,1448,1
2997,16560,0
2998,22931,0
2999,7799,0
3000,14562,0
3001,25507,1
3002,16698,0
3003,10957,1
3004,14830,0
3005,11258,1
3006,10583,1
3007,16569,0
3008,22822,0
3009,9056,1
3010,26382,0
3011,13246,0
3012,9645,0
3013,23092,1
3014,679,0
3015,4323,0
3016,13705,1
3017,3412,1
3018,12674,1
3019,6473,0
3020,23008,0
3021,18123,0
3022,26360,1
3023,14931,0
3024,18400,0
3025,13107,1
3026,18815,0
3027,10465,0
3028,18497,0
3029,24343,0
3030,294,0
3031,8391,1
3032,21320,0
3033,1536,0
3034,26356,0
3035,10676,0
3036,14369,1
3037,10629,0
3038,21274,0
3039,24325,1
3040,5929,0
3041,13701,1
3042,19990,1
3043,4503,1
3044,6933,0
3045,10321,0
3046,23824,0
3047,26688,1
3048,5076,0
3049,19581,1
3050,19912,1
3051,10834,1
3052,10141,0
3053,20334,0
3054,25804,0
3055,18839,0
3056,6307,0
3057,20837,0
3058,5994,0
3059,16881,1
3060,15677,0
3061,11217,1
3062,18000,0
3063,1117,0
3064,2953,0
3065,16558,1
3066,2935,0
3067,20196,0
3068,12353,1
3069,1605,0
3070,812,1
3071,7087,0
3072,12908,0
3073,1213,0
3074,15547,0
3075,20331,1
3076,13982,0
3077,16116,1
3078,25903,1
3079,24406,1
3080,22063,1
3081,7701,1
3082,3760,0
3083,14612,1
3084,20589,1
3085,20397,0
3086,24168,1
3087,11410,1
3088,20803,1
3089,14747,1
3090,14185,0
3091,9473,1
3092,14814,0
3093,10119,0
3094,13662,1
3095,7794,0
3096,6811,0
3097,2339,0
3098,4915,0
3099,814,0
3100,14947,0
3101,5760,0
3102,22518,1
3103,25152,1
3104,9083,0
3105,12250,1
3106,11332,0
3107,10199,0
3108,2422,0
3109,9091,0
3110,8942,1
3111,15022,0
3112,4214,0
3113,17844,0
3114,17746,0
3115,21638,0
3116,18675,0
3117,4038,0
3118,25068,0
3119,4905,0
3120,8743,1
3121,15852,0
3122,6277,1
3123,15107,0
3124,15063,0
3125,16143,0
3126,8416,1
3127,8376,1
3128,12685,0
3129,17558,1
3130,14277,0
3131,26040,0
3132,2799,1
3133,16224,0
3134,17502,0
3135,6575,0
3136,24609,1
3137,18410,1
3138,6403,0
3139,5044,0
3140,19552,0
3141,23150,0
3142,4444,0
3143,22834,1
3144,5413,0
3145,11471,0
3146,8232,0
3147,16397,1
3148,25952,0
3149,14897,0
3150,10244,1
3151,21358,0
3152,1446,1
3153,17379,1
3154,3631,1
3155,6276,0
3156,1102,0
3157,13854,0
3158,7103,0
3159,3649,0
3160,2283,1
3161,8295,1
3162,19313,0
3163,269,1
3164,21675,1
3165,8464,0
3166,18280,1
3167,16108,0
3168,11995,1
3169,22327,1
3170,10208,1
3171,21123,1
3172,2830,1
3173,15245,0
3174,1269,0
3175,1828,1
3176,16367,1
3177,22697,1
3178,608,1
3179,25485,0
3180,21815,0
3181,12721,0
3182,10539,0
3183,6764,1
3184,1261,1
3185,14188,1
3186,7314,0
3187,23129,1
3188,1066,0
3189,26613,1
3190,22343,0
3191,19934,0
3192,25266,0
3193,21057,1
3194,2788,0
3195,12815,1
3196,26478,0
3197,7387,0
3198,16321,1
3199,25942,0
3200,3952,0
3201,7341,1
3202,3709,0
3203,21569,1
3204,7118,0
3205,6559,1
3206,13703,0
3207,11122,1
3208,16383,1
3209,12795,0
3210,1267,0
3211,5572,1
3212,25353,1
3213,23216,1
3214,663,1
3215,3351,0
3216,22436,1
3217,13279,0
3218,3920,1
3219,13272,0
3220,19790,0
3221,16308,1
3222,22539,1
3223,25200,0
3224,7198,1
3225,16490,1
3226,16961,1
3227,11209,1
3228,20056,0
3229,14154,0
3230,11525,0
3231,19824,1
3232,19854,0
3233,13629,1
3234,5234,1
3235,13396,0
3236,20879,1
3237,473,1
3238,12264,1
3239,2848,0
3240,5855,0
3241,7601,0
3242,317,1
3243,20475,0
3244,3056,1
3245,20677,0
3246,18749,1
3247,20982,1
3248,15470,1
3249,4294,1
3250,17117,0
3251,1168,0
3252,16742,0
3253,17584,0
3254,460,0
3255,282,0
3256,22923,1
3257,18959,0
3258,2211,0
3259,18773,0
3260,19471,1
3261,11806,1
3262,1574,0
3263,12747,0
3264,17887,0
3265,665,1
3266,16475,0
3267,11801,1
3268,7772,1
3269,10398,1
3270,2171,1
3271,2288,1
3272,13037,0
3273,5985,0
3274,12200,0
3275,10519,1
3276,8804,0
3277,20734,1
3278,23656,0
3279,9552,1
3280,15023,0
3281,11917,0
3282,15242,0
3283,2885,1
3284,18139,1
3285,5319,0
3286,11522,0
3287,6660,0
3288,5488,0
3289,2048,0
3290,21121,1
3291,21476,1
3292,6618,0
3293,19182,0
3294,12941,1
3295,868,0
3296,6823,0
3297,22805,0
3298,18087,0
3299,12987,1
3300,20392,0
3301,16294,0
3302,12498,1
3303,21361,0
3304,4844,1
3305,3393,0
3306,12321,0
3307,25187,1
3308,15965,1
3309,2790,0
3310,12530,1
3311,18211,1
3312,12623,0
3313,5277,1
3314,26087,1
3315,3575,1
3316,2647,0
3317,5762,0
3318,24341,1
3319,9453,1
3320,12203,0
3321,17028,1
3322,21579,0
3323,7453,0
3324,20549,0
3325,21716,1
3326,23930,0
3327,10578,1
3328,2600,1
3329,24950,0
3330,11406,0
3331,23460,0
3332,8189,0
3333,8408,1
3334,20134,1
3335,17068,1
3336,11530,0
3337,16932,0
3338,17728,0
3339,18723,1
3340,11174,1
3341,13748,1
3342,12484,1
3343,4841,0
3344,12739,1
3345,23864,0
3346,24170,0
3347,986,1
3348,14392,1
3349,7657,0
3350,19962,1
3351,7373,1
3352,12387,1
3353,12272,0
3354,1544,0
3355,14348,0
3356,18024,0
3357,11017,1
3358,10840,1
3359,506,0
3360,6072,0
3361,15202,0
3362,19712,1
3363,4692,0
3364,1444,0
3365,5926,0
3366,18969,0
3367,14500,0
3368,8761,1
3369,13118,0
3370,20699,0
3371,14480,0
3372,16498,0
3373,12834,0
3374,17491,0
3375,16708,0
3376,17697,0
3377,9967,0
3378,7665,1
3379,11349,1
3380,23114,1
3381,21059,0
3382,15609,0
3383,14411,0
3384,6734,1
3385,9182,0
3386,654,0
3387,5500,0
3388,19105,1
3389,19987,1
3390,6136,1
3391,3923,0
3392,15553,1
3393,522,1
3394,7553,0
3395,24685,0
3396,6772,0
3397,7547,0
3398,13041,1
3399,24018,0
3400,482,1
3401,1622,0
3402,5908,1
3403,24388,0
3404,13802,1
3405,24080,1
3406,5578,1
3407,16570,0
3408,14339,0
3409,10787,1
3410,8905,0
3411,7694,0
3412,17,1
3413,1639,0
3414,21249,0
3415,13641,0
3416,17236,1
3417,5585,1
3418,7730,0
3419,2384,1
3420,503,0
3421,7326,1
3422,9411,1
3423,5179,0
3424,6765,1
3425,3966,0
3426,19563,0
3427,17707,1
3428,24643,0
3429,19545,1
3430,15748,1
3431,6259,0
3432,21452,1
3433,5120,0
3434,22484,0
3435,23335,0
3436,7445,0
3437,15899,0
3438,13714,1
3439,13222,0
3440,12355,0
3441,5812,1
3442,5165,0
3443,9106,0
3444,22832,0
3445,8242,1
3446,6082,0
3447,2595,1
3448,6021,0
3449,16410,0
3450,6624,1
3451,23870,1
3452,15303,0
3453,708,0
3454,3322,1
3455,1868,0
3456,24534,1
3457,13125,1
3458,13282,1
3459,17015,1
3460,14873,1
3461,21712,1
3462,959,1
3463,15904,0
3464,6959,0
3465,7283,0
3466,13972,0
3467,2749,0
3468,11573,0
3469,10518,0
3470,3360,0
3471,24190,1
3472,22317,0
3473,11359,0
3474,26413,0
3475,3088,1
3476,20527,0
3477,24144,0
3478,14602,0
3479,15327,1
3480,18230,1
3481,26616,1
3482,19491,0
3483,24093,0
3484,14513,1
3485,16632,1
3486,1184,1
3487,8566,1
3488,16585,1
3489,2301,0
3490,8005,0
3491,20274,0
3492,10693,0
3493,12406,0
3494,25479,0
3495,2507,1
3496,21165,0
3497,9015,0
3498,10288,0
3499,5237,0
3500,2217,1
3501,815,0
3502,24469,0
3503,20186,0
3504,14696,1
3505,4030,0
3506,16746,1
3507,18790,0
3508,23049,0
3509,25304,0
3510,5774,0
3511,17971,0
3512,10585,0
3513,12316,0
3514,23613,0
3515,5830,1
3516,22800,0
3517,23429,1
3518,10948,0
3519,16406,1
3520,23132,1
3521,1436,1
3522,26486,0
3523,4794,0
3524,13129,0
3525,20744,0
3526,20270,0
3527,21632,1
3528,23997,0
3529,21286,1
3530,15219,1
3531,19061,1
3532,17273,1
3533,24940,0
3534,13530,1
3535,26454,1
3536,1939,0
3537,1319,0
3538,13773,0
3539,24022,0
3540,18197,1
3541,23582,0
3542,23670,1
3543,13482,1
3544,15807,1
3545,12255,1
3546,19245,1
3547,833,1
3548,13935,0
3549,450,0
3550,26300,1
3551,16338,0
3552,14685,0
3553,3065,0
3554,17456,0
3555,20369,1
3556,5946,0
3557,24327,0
3558,24096,1
3559,12146,0
3560,3121,0
3561,20857,1
3562,13956,1
3563,9660,0
3564,6755,0
3565,24982,0
3566,22754,0
3567,24217,0
3568,6007,1
3569,26470,1
3570,5072,1
3571,13454,0
3572,12158,0
3573,4765,1
3574,17347,0
3575,7217,0
3576,11974,0
3577,1123,1
3578,960,0
3579,25427,1
3580,3662,0
3581,9663,0
3582,21872,0
3583,10470,1
3584,18516,0
3585,15670,0
3586,22382,0
3587,17000,0
3588,9751,1
3589,25632,1
3590,26566,1
3591,3917,0
3592,20663,0
3593,4568,1
3594,6132,0
3595,1437,0
3596,15243,0
3597,22663,0
3598,10968,0
3599,20572,1
3600,23642,1
3601,12901,1
3602,24533,0
3603,8272,1
3604,26457,0
3605,3838,1
3606,16541,0
3607,21083,0
3608,12150,0
3609,17962,0
3610,17897,1
3611,15010,1
3612,25011,0
3613,10021,1
3614,15669,0
3615,20798,1
3616,10546,0
3617,12923,0
3618,5739,1
3619,19082,0
3620,20949,0
3621,8860,0
3622,13109,0
3623,7570,1
3624,12893,0
3625,22953,0
3626,25757,0
3627,22408,1
3628,14142,1
3629,3018,0
3630,23691,0
3631,9045,0
3632,1193,1
3633,22173,0
3634,20946,1
3635,7055,1
3636,15783,1
3637,7358,1
3638,1560,1
3639,1749,0
3640,17762,1
3641,3571,0
3642,17381,0
3643,1050,1
3644,11660,1
3645,14708,1
3646,13534,0
3647,20415,1
3648,14406,0
3649,8702,0
3650,1857,0
3651,22606,0
3652,21403,0
3653,13824,1
3654,21943,0
3655,18213,0
3656,5785,1
3657,25457,0
3658,22862,1
3659,17622,0
3660,17389,0
3661,16929,1
3662,16192,1
3663,20529,1
3664,7551,0
3665,20747,1
3666,19210,0
3667,3829,1
3668,18965,0
3669,11586,1
3670,22643,1
3671,1463,1
3672,10976,0
3673,7977,0
3674,18813,1
3675,25579,0
3676,22847,1
3677,26345,0
3678,15827,1
3679,3078,0
3680,18433,1
3681,25945,1
3682,21329,0
3683,24454,1
3684,15027,1
3685,1979,0
3686,19609,1
3687,3821,0
3688,23126,1
3689,25086,0
3690,8795,0
3691,25385,1
3692,107,0
3693,16607,0
3694,10794,0
3695,23829,0
3696,3470,0
3697,9458,1
3698,8872,1
3699,10612,0
3700,17657,0
3701,16846,0
3702,14887,0
3703,17893,1
3704,1647,1
3705,9365,0
3706,8807,0
3707,22140,1
3708,9120,0
3709,8471,1
3710,26127,0
3711,17823,0
3712,16761,1
3713,10068,0
3714,22389,0
3715,12307,0
3716,12305,1
3717,11301,0
3718,26625,0
3719,22512,1
3720,170,0
3721,24300,1
3722,24807,1
3723,18659,0
3724,11214,0
3725,26259,0
3726,16401,0
3727,7820,1
3728,1059,1
3729,6391,1
3730,434,1
3731,9562,0
3732,12301,1
3733,2346,0
3734,2200,0
3735,17230,0
3736,818,0
3737,12805,1
3738,6815,0
3739,4967,1
3740,11900,1
3741,18925,0
3742,5344,1
3743,19169,1
3744,21847,0
3745,25480,1
3746,5339,1
3747,23800,1
3748,8496,0
3749,14245,0
3750,20657,0
3751,3289,0
3752,7185,1
3753,3507,0
3754,24700,0
3755,6588,0
3756,4897,0
3757,24095,1
3758,26005,0
3759,17138,0
3760,4788,1
3761,22969,0
3762,5362,0
3763,25347,1
3764,26622,0
3765,8352,1
3766,4192,0
3767,26612,1
3768,13293,0
3769,24855,1
3770,25551,0
3771,19666,0
3772,3049,0
3773,15718,0
3774,8443,1
3775,14802,0
3776,18576,0
3777,22105,0
3778,7523,0
3779,19840,0
3780,14332,0
3781,8845,1
3782,3587,1
3783,5456,0
3784,21804,0
3785,4059,1
3786,20384,0
3787,24628,0
3788,11311,1
3789,3472,0
3790,5070,0
3791,3840,1
3792,8504,1
3793,1293,0
3794,17341,0
3795,861,0
3796,26337,1
3797,22632,0
3798,21873,0
3799,12274,0
3800,1727,1
3801,25844,0
3802,13761,1
3803,8260,1
3804,7943,1
3805,2360,1
3806,3607,1
3807,10958,0
3808,23608,0
3809,19504,1
3810,11678,0
3811,20208,0
3812,9899,1
3813,24499,0
3814,4147,1
3815,14835,0
3816,13233,0
3817,20722,1
3818,11325,1
3819,18877,0
3820,781,1
3821,817,0
3822,17522,1
3823,12221,0
3824,2773,0
3825,22633,0
3826,20924,1
3827,22872,0
3828,15793,0
3829,3521,0
3830,16002,1
3831,13578,0
3832,19302,0
3833,23108,1
3834,3493,0
3835,18491,0
3836,18503,0
3837,21506,1
3838,12177,0
3839,2727,1
3840,25769,0
3841,10144,1
3842,8404,0
3843,12854,1
3844,22998,1
3845,13266,1
3846,14402,0
3847,6221,0
3848,2674,1
3849,24867,0
3850,3378,0
3851,21858,1
3852,1015,0
3853,14530,1
3854,25063,0
3855,7499,0
3856,24984,1
3857,2939,0
3858,26292,1
3859,19250,0
3860,218,1
3861,17304,1
3862,17538,1
3863,8976,1
3864,7153,0
3865,13868,0
3866,11275,1
3867,1124,0
3868,24151,1
3869,25071,0
3870,3463,1
3871,3024,0
3872,8321,0
3873,3782,1
3874,20571,0
3875,21498,1
3876,16456,1
3877,8679,1
3878,22116,0
3879,9563,1
3880,3524,0
3881,18189,1
3882,23245,0
3883,12883,0
3884,13780,0
3885,13583,1
3886,10812,0
3887,1789,0
3888,6950,1
3889,13831,1
3890,10238,0
3891,12350,1
3892,26055,0
3893,24220,0
3894,3911,0
3895,684,0
3896,9399,0
3897,14648,1
3898,2607,0
3899,11110,1
3900,7327,1
3901,5316,0
3902,17998,0
3903,20519,0
3904,13188,0
3905,21283,1
3906,22751,0
3907,19660,0
3908,19629,1
3909,25422,0
3910,6543,0
3911,16923,0
3912,24198,1
3913,9945,1
3914,14932,0
3915,12664,1
3916,4511,1
3917,9740,0
3918,16000,0
3919,19047,0
3920,574,0
3921,5773,0
3922,24623,0
3923,10123,1
3924,2994,1
3925,7161,1
3926,18026,0
3927,10905,0
3928,7864,0
3929,9692,1
3930,5556,0
3931,3090,0
3932,13003,1
3933,23491,0
3934,8812,0
3935,15218,1
3936,25212,0
3937,21348,1
3938,21010,0
3939,6094,0
3940,12871,1
3941,6928,0
3942,21690,0
3943,13707,1
3944,25830,0
3945,18357,1
3946,17952,1
3947,1797,0
3948,759,1
3949,7615,0
3950,4961,0
3951,4554,1
3952,3223,1
3953,23001,0
3954,669,1
3955,23518,0
3956,20883,1
3957,97,0
3958,7386,0
3959,12079,1
3960,10448,0
3961,8865,0
3962,3875,1
3963,6881,0
3964,18857,0
3965,21938,0
3966,19837,0
3967,1681,1
3968,17114,0
3969,17949,0
3970,8902,0
3971,2758,1
3972,24911,0
3973,17589,0
3974,15112,0
3975,1816,0
3976,18880,0
3977,8423,1
3978,3354,0
3979,13531,1
3980,26035,0
3981,13476,0
3982,5166,1
3983,17943,1
3984,4424,0
3985,19853,1
3986,8626,1
3987,646,0
3988,8673,0
3989,23087,0
3990,6585,0
3991,11098,1
3992,9209,1
3993,15005,0
3994,9392,1
3995,15715,1
3996,8609,0
3997,8575,1
3998,14466,1
3999,749,0
4000,11232,1
4001,9689,0
4002,10532,1
4003,23739,0
4004,16699,1
4005,24545,1
4006,11857,0
4007,16888,0
4008,13005,1
4009,8663,0
4010,25180,0
4011,14258,1
4012,4408,0
4013,9200,1
4014,21738,1
4015,1516,1
4016,17702,1
4017,17460,1
4018,17202,0
4019,16641,1
4020,13474,0
4021,6156,1
4022,21527,1
4023,26532,0
4024,20901,0
4025,26502,0
4026,2418,0
4027,3771,0
4028,178,0
4029,7155,1
4030,20309,0
4031,5158,0
4032,25748,1
4033,19183,1
4034,7420,1
4035,1175,0
4036,5041,0
4037,11515,0
4038,19995,1
4039,14872,1
4040,6932,0
4041,9792,0
4042,21395,0
4043,19104,1
4044,2625,0
4045,24434,0
4046,22823,1
4047,5281,0
4048,11870,0
4049,1445,1
4050,8304,1
4051,15739,0
4052,22858,0
4053,3682,1
4054,8172,1
4055,3162,1
4056,19275,0
4057,23772,1
4058,3954,0
4059,12185,1
4060,20173,1
4061,4456,0
4062,2612,1
4063,3820,0
4064,26512,0
4065,12119,0
4066,9587,1
4067,12643,1
4068,18672,0
4069,13799,1
4070,4488,0
4071,8169,0
4072,9533,0
4073,18945,1
4074,5445,1
4075,8324,0
4076,26405,1
4077,20687,0
4078,15500,1
4079,6674,1
4080,26631,0
4081,10886,1
4082,8978,1
4083,3781,1
4084,21455,0
4085,15338,0
4086,17774,0
4087,8550,1
4088,13622,0
4089,9302,0
4090,15812,1
4091,10100,0
4092,19476,1
4093,10868,1
4094,4722,1
4095,3537,0
4096,5476,0
4097,19776,1
4098,1339,1
4099,20661,0
4100,730,0
4101,25559,0
4102,19280,0
4103,23437,0
4104,24820,0
4105,25367,1
4106,4328,1
4107,26269,0
4108,6469,0
4109,9643,0
4110,9381,0
4111,3848,1
4112,26500,1
4113,20704,1
4114,14489,1
4115,26301,0
4116,6537,1
4117,25305,0
4118,12960,0
4119,6410,0
4120,3243,1
4121,22204,0
4122,22899,1
4123,490,1
4124,17651,1
4125,20074,0
4126,23417,1
4127,4636,1
4128,6756,1
4129,7549,0
4130,16140,0
4131,26398,1
4132,12064,0
4133,14473,0
4134,126,0
4135,15664,0
4136,21543,1
4137,3736,0
4138,6750,1
4139,23028,1
4140,8289,0
4141,23405,1
4142,25886,0
4143,25818,1
4144,6045,0
4145,10446,0
4146,15735,0
4147,5393,0
4148,5761,1
4149,1900,1
4150,12763,0
4151,7069,0
4152,21518,0
4153,10433,0
4154,6910,1
4155,18163,1
4156,9009,0
4157,16030,1
4158,13666,0
4159,17240,1
4160,12904,0
4161,4026,0
4162,5262,1
4163,9762,0
4164,1838,0
4165,8856,0
4166,20647,0
4167,1583,0
4168,1087,0
4169,16883,1
4170,21148,0
4171,24959,0
4172,20257,1
4173,14444,1
4174,7418,1
4175,19909,0
4176,25731,1
4177,12630,1
4178,5386,1
4179,9638,1
4180,23349,0
4181,24091,1
4182,15554,1
4183,12569,0
4184,24285,0
4185,17995,0
4186,4975,1
4187,19080,0
4188,16902,1
4189,3757,0
4190,9929,1
4191,22341,1
4192,9773,0
4193,21079,1
4194,6262,0
4195,5118,1
4196,9547,1
4197,25064,0
4198,14114,0
4199,14693,0
4200,15979,0
4201,22469,0
4202,19675,0
4203,23820,0
4204,17368,1
4205,19259,1
4206,12652,0
4207,19158,0
4208,18431,0
4209,2829,1
4210,15069,1
4211,7762,0
4212,22182,0
4213,10386,0
4214,25983,1
4215,13918,0
4216,6781,0
4217,22222,0
4218,22795,0
4219,17884,0
4220,3550,0
4221,25525,0
4222,19632,0
4223,18229,0
4224,9003,0
4225,13402,1
4226,23153,1
4227,3389,1
4228,5741,1
4229,15295,0
4230,16485,0
4231,2704,0
4232,4206,1
4233,8258,1
4234,20342,0
4235,20280,0
4236,26654,0
4237,24917,0
4238,23655,1
4239,17708,0
4240,13554,0
4241,19804,1
4242,3517,0
4243,13416,0
4244,14917,1
4245,24654,1
4246,7276,0
4247,1521,0
4248,14837,1
4249,5372,1
4250,16912,0
4251,6269,0
4252,10315,0
4253,1748,0
4254,6794,1
4255,5875,0
4256,23048,1
4257,9520,1
4258,4385,1
4259,15994,1
4260,7812,1
4261,11364,0
4262,2091,1
4263,25193,0
4264,23609,0
4265,21178,0
4266,15061,1
4267,15551,0
4268,4007,1
4269,9270,0
4270,26704,0
4271,5153,1
4272,23851,0
4273,7464,0
4274,19519,1
4275,6137,0
4276,7538,0
4277,7396,0
4278,604,1
4279,26528,1
4280,1742,0
4281,859,1
4282,9524,0
4283,1023,0
4284,12439,1
4285,19781,0
4286,6838,1
4287,22926,0
4288,18533,0
4289,4455,1
4290,11247,1
4291,14201,0
4292,17617,0
4293,13944,1
4294,24734,0
4295,8949,0
4296,16312,1
4297,16667,0
4298,25067,1
4299,17335,0
4300,14001,0
4301,18122,0
4302,22538,1
4303,2500,1
4304,11610,1
4305,3561,1
4306,12487,0
4307,23822,0
4308,26491,0
4309,11993,0
4310,4023,0
4311,11380,0
4312,18601,0
4313,19254,0
4314,18341,1
4315,23490,0
4316,1364,1
4317,9697,1
4318,5330,0
4319,14434,0
4320,25222,1
4321,20027,1
4322,10522,1
4323,17097,1
4324,24650,0
4325,17787,0
4326,8954,0
4327,3077,0
4328,5924,0
4329,21663,0
4330,19330,0
4331,7173,0
4332,17929,1
4333,5633,0
4334,12804,0
4335,15767,1
4336,330,1
4337,11090,0
4338,17444,0
4339,18624,1
4340,19588,1
4341,22477,0
4342,16870,0
4343,14977,1
4344,15639,0
4345,4345,1
4346,13609,1
4347,24082,1
4348,7726,1
4349,25652,0
4350,2318,0
4351,21206,0
4352,6193,1
4353,6018,1
4354,24687,0
4355,234,0
4356,5428,0
4357,15424,1
4358,9393,0
4359,25265,0
4360,7569,1
4361,25155,0
4362,2297,1
4363,20525,1
4364,22378,0
4365,21347,1
4366,10014,1
4367,1259,1
4368,19351,1
4369,17864,1
4370,12059,0
4371,4551,1
4372,15493,0
4373,14966,0
4374,17802,0
4375,1247,0
4376,21568,0
4377,238,0
4378,2940,1
4379,24688,0
4380,3080,0
4381,21522,1
4382,10464,1
4383,14954,0
4384,17907,0
4385,20673,0
4386,1819,0
4387,22964,0
4388,18962,0
4389,13826,1
4390,21179,1
4391,9545,1
4392,12828,1
4393,7428,1
4394,14667,1
4395,14485,0
4396,16472,0
4397,2863,0
4398,13078,1
4399,25209,0
4400,4466,1
4401,14397,1
4402,13203,1
4403,21985,0
4404,1301,1
4405,20651,1
4406,20344,0
4407,18371,1
4408,12311,1
4409,6857,0
4410,8073,0
4411,23909,0
4412,19884,0
4413,4458,0
4414,6556,1
4415,22054,0
4416,21793,1
4417,3012,1
4418,211,1
4419,3632,0
4420,11776,1
4421,14120,0
4422,13732,0
4423,19952,1
4424,542,1
4425,22781,0
4426,7990,1
4427,5730,1
4428,12358,1
4429,13213,0
4430,6733,0
4431,7147,0
4432,23139,1
4433,2504,0
4434,26707,0
4435,3043,1
4436,20371,0
4437,5976,1
4438,8203,1
4439,60,0
4440,20816,1
4441,21001,0
4442,14334,0
4443,23697,0
4444,9957,0
4445,13095,1
4446,17232,1
4447,22750,0
4448,7903,0
4449,10236,0
4450,13382,0
4451,22093,0
4452,22338,1
4453,25585,0
4454,14289,1
4455,13245,0
4456,22833,0
4457,24582,1
4458,24860,1
4459,16544,1
4460,15629,0
4461,20063,0
4462,8332,0
4463,5489,0
4464,18707,1
4465,18403,0
4466,17315,0
4467,5282,1
4468,1461,1
4469,7545,1
4470,19703,1
4471,25381,1
4472,16571,0
4473,2188,1
4474,11687,1
4475,11699,1
4476,9717,1
4477,16430,0
4478,10759,0
4479,5210,1
4480,21499,0
4481,2668,0
4482,11257,0
4483,25498,1
4484,21467,0
4485,7129,0
4486,26181,0
4487,2501,0
4488,19799,1
4489,13448,0
4490,19298,1
4491,15499,0
4492,22965,0
4493,25399,0
4494,21234,0
4495,16862,1
4496,21997,0
4497,12555,1
4498,11638,1
4499,7023,1
4500,4637,1
4501,2660,0
4502,16357,1
4503,12500,1
4504,20051,0
4505,3655,1
4506,19839,0
4507,5391,1
4508,7539,1
4509,17289,0
4510,20398,0
4511,20911,0
4512,11062,1
4513,2640,0
4514,22412,1
4515,7572,0
4516,25683,0
4517,16737,1
4518,5849,1
4519,11186,0
4520,20514,0
4521,25788,0
4522,12422,1
4523,8118,1
4524,12216,0
4525,10049,0
4526,14857,0
4527,1910,1
4528,22438,0
4529,4081,1
4530,9737,0
4531,7738,1
4532,1567,1
4533,16232,1
4534,24898,1
4535,25970,0
4536,18220,0
4537,160,0
4538,23364,1
4539,2892,1
4540,20823,1
4541,4747,1
4542,3042,0
4543,26614,0
4544,15174,1
4545,20822,1
4546,19116,0
4547,8669,1
4548,7999,1
4549,25603,0
4550,2406,1
4551,4553,0
4552,8060,1
4553,11304,1
4554,21005,0
4555,12270,0
4556,5787,0
4557,21899,0
4558,18808,0
4559,26036,0
4560,10881,1
4561,18473,1
4562,23502,0
4563,17169,0
4564,6520,0
4565,25555,1
4566,16681,0
4567,18640,0
4568,19457,0
4569,10475,0
4570,22046,1
4571,10008,0
4572,13798,1
4573,6154,0
4574,11990,0
4575,25810,1
4576,1699,0
4577,10255,0
4578,7979,1
4579,19111,1
4580,3677,0
4581,11647,1
4582,24259,0
4583,21580,1
4584,20923,0
4585,24005,0
4586,19072,0
4587,2904,0
4588,11671,0
4589,23075,1
4590,18805,1
4591,16532,0
4592,24796,0
4593,15394,0
4594,20453,1
4595,10586,1
4596,5351,0
4597,10785,0
4598,10307,1
4599,17059,0
4600,22023,0
4601,12786,1
4602,15867,1
4603,18543,1
4604,4782,1
4605,5046,1
4606,14563,0
4607,2639,1
4608,10282,0
4609,9327,1
4610,25179,1
4611,12887,0
4612,15701,0
4613,21648,0
4614,25787,1
4615,10063,0
4616,4087,1
4617,17925,0
4618,19331,1
4619,12347,0
4620,19931,1
4621,18892,0
4622,7076,0
4623,7231,0
4624,5627,0
4625,10474,0
4626,16668,0
4627,25459,0
4628,18452,0
4629,709,0
4630,18905,1
4631,1134,1
4632,7788,1
4633,827,1
4634,3247,0
4635,5030,0
4636,24451,0
4637,17939,1
4638,17717,1
4639,13449,1
4640,10073,0
4641,17291,0
4642,19872,1
4643,17277,1
4644,5121,1
4645,6659,0
4646,5619,1
4647,11135,1
4648,12948,1
4649,526,0
4650,17994,0
4651,23635,0
4652,15858,0
4653,14021,0
4654,12468,0
4655,7919,0
4656,8797,1
4657,8211,0
4658,9331,0
4659,10018,1
4660,5407,0
4661,19420,1
4662,8640,0
4663,304,0
4664,19668,0
4665,23626,0
4666,9371,0
4667,19925,1
4668,15263,0
4669,17087,0
4670,956,1
4671,26611,0
4672,14420,1
4673,25932,1
4674,9606,1
4675,19700,0
4676,19026,0
4677,16332,1
4678,25285,0
4679,5420,1
4680,3603,0
4681,21215,0
4682,8491,0
4683,1741,0
4684,5823,0
4685,22670,1
4686,13906,1
4687,23665,1
4688,15927,0
4689,18748,1
4690,24016,0
4691,22967,1
4692,23406,1
4693,7862,0
4694,1795,0
4695,19604,0
4696,14333,1
4697,22680,1
4698,19827,1
4699,10422,1
4700,16300,1
4701,11623,0
4702,16503,1
4703,25987,0
4704,23360,1
4705,24530,0
4706,16360,1
4707,10108,0
4708,22961,0
4709,8893,0
4710,17602,0
4711,1736,0
4712,886,1
4713,9488,1
4714,22084,0
4715,21177,1
4716,4602,1
4717,15854,1
4718,16492,1
4719,8034,0
4720,22944,1
4721,11151,0
4722,4500,0
4723,9005,0
4724,2497,0
4725,17108,0
4726,19287,1
4727,13546,0
4728,11168,1
4729,25139,0
4730,18345,0
4731,20,1
4732,16136,0
4733,248,0
4734,2357,1
4735,262,0
4736,25338,0
4737,17287,0
4738,14632,1
4739,11130,0
4740,2742,0
4741,23789,0
4742,22550,1
4743,11557,1
4744,23273,1
4745,6894,1
4746,143,1
4747,3244,0
4748,132,0
4749,16422,1
4750,2882,0
4751,12464,0
4752,21337,0
4753,18626,0
4754,21774,1
4755,15000,0
4756,23477,1
4757,22730,0
4758,19042,0
4759,4556,1
4760,23275,1
4761,6513,1
4762,1498,1
4763,17244,1
4764,21502,0
4765,7178,1
4766,8543,1
4767,14557,0
4768,6629,0
4769,15802,0
4770,13771,1
4771,12404,1
4772,7384,0
4773,8593,0
4774,6074,1
4775,23000,0
4776,8698,1
4777,13021,1
4778,7811,0
4779,3551,1
4780,5732,1
4781,6216,0
4782,21741,1
4783,25554,0
4784,21790,1
4785,15781,0
4786,23996,1
4787,6884,0
4788,3665,1
4789,3432,0
4790,21782,0
4791,19262,1
4792,6641,0
4793,16059,1
4794,20359,0
4795,22459,0
4796,10862,1
4797,12154,1
4798,4977,0
4799,22218,0
4800,10614,1
4801,21425,1
4802,22183,0
4803,3501,0
4804,16057,0
4805,9145,1
4806,19549,1
4807,5573,0
4808,8754,1
4809,18185,0
4810,1973,1
4811,21211,0
4812,6707,1
4813,22375,1
4814,23952,1
4815,21309,0
4816,11874,1
4817,5795,1
4818,19805,0
4819,23908,1
4820,3944,0
4821,23054,0
4822,16276,1
4823,11872,0
4824,13295,1
4825,2326,1
4826,1607,1
4827,18884,1
4828,4971,0
4829,15531,1
4830,6858,1
4831,13324,1
4832,20866,1
4833,17233,0
4834,19090,0
4835,17174,0
4836,8719,1
4837,5954,1
4838,11607,1
4839,2282,0
4840,22937,0
4841,10698,1
4842,22365,1
4843,4964,1
4844,20484,1
4845,5479,1
4846,5022,0
4847,270,0
4848,2574,0
4849,23267,0
4850,9706,0
4851,17612,0
4852,26216,0
4853,22185,1
4854,25855,1
4855,13493,0
4856,7046,1
4857,5930,0
4858,10193,1
4859,26426,0
4860,3175,1
4861,19141,1
4862,22245,0
4863,25333,1
4864,23876,1
4865,13947,0
4866,12731,1
4867,5984,1
4868,20240,0
4869,7733,1
4870,26026,1
4871,1949,0
4872,20736,0
4873,1084,0
4874,21763,0
4875,5920,0
4876,7005,0
4877,9487,0
4878,4167,0
4879,25483,0
4880,24841,0
4881,14472,0
4882,16521,0
4883,16096,0
4884,7080,1
4885,3478,0
4886,5777,0
4887,18353,1
4888,9031,0
4889,23584,1
4890,4960,0
4891,9269,0
4892,22525,1
4893,12432,1
4894,14759,1
4895,21209,1
4896,4789,1
4897,2088,1
4898,1633,1
4899,14395,0
4900,4690,0
4901,5769,1
4902,11757,1
4903,20480,1
4904,21692,1
4905,13349,1
4906,20583,0
4907,20022,1
4908,11407,1
4909,24937,1
4910,18468,1
4911,5180,1
4912,18231,0
4913,4359,0
4914,13514,1
4915,19307,1
4916,5725,1
4917,243,0
4918,25183,1
4919,16468,0
4920,4714,1
4921,8604,1
4922,11165,0
4923,2359,1
4924,24129,1
4925,20693,1
4926,19949,0
4927,15590,0
4928,24378,1
4929,21751,0
4930,16904,1
4931,22551,1
4932,7169,1
4933,12413,1
4934,11717,1
4935,891,0
4936,293,1
4937,14879,0
4938,20769,0
4939,9699,1
4940,3949,1
4941,21819,0
4942,4939,0
4943,1584,1
4944,7256,1
4945,25754,0
4946,19890,0
4947,25509,0
4948,25561,0
4949,16999,0
4950,9505,0
4951,3193,0
4952,7350,0
4953,15689,1
4954,26248,0
4955,23276,0
4956,15982,1
4957,8938,1
4958,22191,1
4959,11014,1
4960,10024,1
4961,8137,0
4962,7430,0
4963,20587,0
4964,9335,1
4965,16119,0
4966,24563,1
4967,19311,0
4968,13566,0
4969,13391,0
4970,13836,0
4971,2303,0
4972,13121,0
4973,3790,1
4974,14400,0
4975,8837,1
4976,10106,0
4977,1033,1
4978,23509,0
4979,3124,0
4980,6972,0
4981,10313,1
4982,3229,0
4983,19851,1
4984,8633,1
4985,12462,1
4986,20112,1
4987,13103,0
4988,16814,0
4989,13809,1
4990,18179,1
4991,15401,0
4992,5537,1
4993,20521,1
4994,6681,1
4995,5736,1
4996,23487,0
4997,18756,0
4998,9835,1
4999,19086,1
5000,10424,1
5001,4512,1
5002,10138,0
5003,18262,1
5004,19361,0
5005,15159,0
5006,26114,1
5007,2648,1
5008,24447,1
5009,12504,1
5010,20821,1
5011,17810,1
5012,20448,0
5013,16714,0
5014,5112,1
5015,10076,0
5016,17121,0
5017,1029,0
5018,20462,1
5019,25296,0
5020,3268,0
5021,5912,1
5022,23815,1
5023,19103,1
5024,23992,1
5025,18060,0
5026,9963,0
5027,19281,0
5028,266,1
5029,20197,1
5030,21939,1
5031,18662,1
5032,23050,1
5033,6101,0
5034,11414,0
5035,20606,0
5036,11985,1
5037,10932,1
5038,25237,1
5039,10675,0
5040,23089,0
5041,19508,0
5042,9166,1
5043,5014,1
5044,21266,1
5045,1829,1
5046,4333,0
5047,7973,1
5048,18022,1
5049,25122,0
5050,13052,0
5051,5069,1
5052,1987,0
5053,17824,0
5054,17669,0
5055,3659,1
5056,18187,0
5057,6055,0
5058,492,0
5059,20094,1
5060,17631,0
5061,20585,1
5062,17545,1
5063,15523,1
5064,24642,1
5065,10015,1
5066,8742,1
5067,2696,0
5068,17910,1
5069,20685,0
5070,15356,1
5071,10033,0
5072,11950,0
5073,4530,1
5074,21801,0
5075,6705,0
5076,23505,0
5077,11813,0
5078,24906,0
5079,9469,0
5080,9085,1
5081,1668,0
5082,9973,0
5083,5174,1
5084,16712,1
5085,22932,0
5086,4172,1
5087,21642,0
5088,7145,1
5089,1862,0
5090,26116,1
5091,22941,0
5092,25218,0
5093,24182,0
5094,24215,1
5095,2007,0
5096,186,1
5097,11324,1
5098,2880,1
5099,19867,0
5100,18206,0
5101,6719,0
5102,13508,1
5103,7729,0
5104,26572,1
5105,22020,0
5106,5334,1
5107,11875,1
5108,17128,0
5109,12262,0
5110,12662,1
5111,9282,0
5112,8581,1
5113,5429,0
5114,8534,1
5115,14020,1
5116,26462,0
5117,12517,0
5118,22498,1
5119,11316,0
5120,4093,1
5121,6653,0
5122,12771,0
5123,3932,0
5124,5847,0
5125,8053,0
5126,3987,0
5127,20080,1
5128,20641,0
5129,12954,1
5130,23718,1
5131,13337,1
5132,6958,1
5133,12183,0
5134,1538,1
5135,7143,1
5136,15491,1
5137,23081,0
5138,24192,0
5139,6229,1
5140,1139,0
5141,12909,0
5142,16282,1
5143,4884,0
5144,16864,1
5145,8674,0
5146,2476,0
5147,24598,0
5148,530,1
5149,22387,1
5150,1279,0
5151,19024,0
5152,11827,1
5153,25397,1
5154,18654,1
5155,18465,1
5156,23243,1
5157,18142,0
5158,8113,0
5159,24490,0
5160,11947,1
5161,10362,1
5162,18252,0
5163,16361,1
5164,19650,1
5165,3242,1
5166,10221,1
5167,22165,0
5168,11147,0
5169,18437,1
5170,12195,1
5171,24762,0
5172,19601,0
5173,1728,0
5174,10858,0
5175,7947,0
5176,13,0
5177,15764,0
5178,9822,0
5179,3191,1
5180,4422,0
5181,15212,1
5182,795,0
5183,17419,0
5184,2589,1
5185,7901,1
5186,573,1
5187,5794,0
5188,6411,1
5189,24081,0
5190,4464,1
5191,18434,1
5192,1086,1
5193,13048,1
5194,23892,0
5195,21673,0
5196,25613,1
5197,11033,0
5198,1452,1
5199,10056,0
5200,18682,0
5201,25988,0
5202,3021,0
5203,10308,1
5204,15875,0
5205,7187,0
5206,24443,0
5207,18471,1
5208,24760,1
5209,26570,0
5210,14424,0
5211,12002,0
5212,25356,1
5213,13894,1
5214,21387,0
5215,24299,1
5216,10974,1
5217,13311,1
5218,11046,1
5219,16076,0
5220,25472,1
5221,23152,0
5222,8730,0
5223,6576,0
5224,25098,0
5225,8951,1
5226,14901,0
5227,16971,0
5228,23495,1
5229,4746,0
5230,26195,1
5231,6812,0
5232,15021,1
5233,6106,0
5234,23962,1
5235,9942,1
5236,6456,1
5237,23745,1
5238,21277,0
5239,24433,1
5240,13231,1
5241,198,1
5242,2073,1
5243,21421,0
5244,15407,1
5245,848,0
5246,17951,0
5247,25520,1
5248,9999,0
5249,2836,0
5250,10837,1
5251,6425,0
5252,9290,0
5253,24665,1
5254,24405,1
5255,6124,0
5256,19083,1
5257,12334,0
5258,25588,0
5259,19722,1
5260,2323,0
5261,12284,1
5262,20730,0
5263,22007,1
5264,8344,0
5265,9893,1
5266,25389,1
5267,17256,1
5268,8112,1
5269,19327,1
5270,15414,0
5271,24782,0
5272,12691,1
5273,10562,0
5274,21817,1
5275,25841,1
5276,15752,0
5277,4907,0
5278,8957,1
5279,10431,1
5280,26594,1
5281,24236,0
5282,16289,0
5283,6626,1
5284,442,1
5285,16579,1
5286,17376,0
5287,24212,0
5288,12375,1
5289,18397,0
5290,2661,0
5291,5369,0
5292,19029,0
5293,5083,1
5294,3092,0
5295,16990,0
5296,17684,1
5297,8922,1
5298,2364,1
5299,19008,0
5300,20265,0
5301,20145,0
5302,10330,0
5303,23272,0
5304,5660,0
5305,13452,0
5306,13528,1
5307,26317,1
5308,18535,1
5309,5272,0
5310,19738,1
5311,11048,0
5312,17965,0
5313,13669,0
5314,17286,0
5315,12666,0
5316,13376,1
5317,23643,0
5318,9283,1
5319,5123,0
5320,1136,1
5321,15018,0
5322,11822,0
5323,12051,0
5324,11063,0
5325,3534,1
5326,20800,1
5327,10019,1
5328,16941,0
5329,5690,1
5330,9917,1
5331,24983,1
5332,23899,1
5333,12518,0
5334,11127,0
5335,22673,1
5336,18287,0
5337,9516,1
5338,16044,0
5339,22535,0
5340,18545,0
5341,26020,0
